reference,value,footprint,design_partno,schematic_lcsc,selected_lcsc,jlc_mpn,jlc_package,library_type,match,provenance,catalog_stock,note
C2,22uF,Capacitor_SMD:C_1206_3216Metric,TMK316BBJ226ML-T,C12891,C12891,CL31A226KAHNNNE,1206,basic,Equivalent,New catalog match,621280,
C3,22uF,Capacitor_SMD:C_1206_3216Metric,TMK316BBJ226ML-T,C12891,C12891,CL31A226KAHNNNE,1206,basic,Equivalent,New catalog match,621280,
C4,22uF,Capacitor_SMD:C_1206_3216Metric,TMK316BBJ226ML-T,C12891,C12891,CL31A226KAHNNNE,1206,basic,Equivalent,New catalog match,621280,
C5,22uF,Capacitor_SMD:C_1206_3216Metric,TMK316BBJ226ML-T,C12891,C12891,CL31A226KAHNNNE,1206,basic,Equivalent,New catalog match,621280,
C6,22uF,Capacitor_SMD:C_1206_3216Metric,TMK316BBJ226ML-T,C12891,C12891,CL31A226KAHNNNE,1206,basic,Equivalent,New catalog match,621280,
C7,1uF,Capacitor_SMD:C_0402_1005Metric,EMK105BJ105MV-F,C52923,C52923,CL05A105KA5NQNC,0402,basic,Equivalent,Bonanza existing,5980560,
C9,1uF,Capacitor_SMD:C_0603_1608Metric,CL10B105KA8NNNC,C29936,C29936,CL10B105KA8NNNC,0603,extended,Exact MPN,New catalog match,375039,
C10,1uF,Capacitor_SMD:C_0603_1608Metric,CL10B105KA8NNNC,C29936,C29936,CL10B105KA8NNNC,0603,extended,Exact MPN,New catalog match,375039,
C11,4.7uF,Capacitor_SMD:C_0402_1005Metric,GRM155R61A475MEAAD,C23733,C23733,CL05A475MP5NRNC,0402,basic,Equivalent,Proto reused,2451180,
C13,4.7nF,Capacitor_SMD:C_0402_1005Metric,GRM155R71E472KA01D,C1538,C1538,0402B472K500NT,0402,basic,Equivalent,Proto reused,1372556,
C14,2.2nF,Capacitor_SMD:C_0402_1005Metric,GRM155R61H222KA01D,C1531,C1531,0402B222K500NT,0402,preferred,Equivalent,Proto reused,536614,
C15,1uF,Capacitor_SMD:C_0402_1005Metric,EMK105BJ105MV-F,C52923,C52923,CL05A105KA5NQNC,0402,basic,Equivalent,Bonanza existing,5980560,
C16,0.1uF,Capacitor_SMD:C_0402_1005Metric,KGM05AR71C104KH,C307331,C307331,CL05B104KB54PNC,0402,basic,Equivalent,Bonanza existing,13110609,
C17,1000pF,Capacitor_SMD:C_0805_2012Metric,CC0805KRX7R9BB102,C46653,C46653,CL21B102KBCNNNC,0805,basic,Equivalent,Proto reused,1569643,
C18,100pF,Capacitor_SMD:C_0402_1005Metric,CC0402JRNPO9BN101,C1546,C1546,0402CG101J500NT,0402,basic,Equivalent,Proto reused,3373974,
C19,1uF,Capacitor_SMD:C_0402_1005Metric,EMK105BJ105MV-F,C52923,C52923,CL05A105KA5NQNC,0402,basic,Equivalent,Bonanza existing,5980560,
C20,47uF,Capacitor_SMD:C_1206_3216Metric,GRM31CR61A476ME15L,C96123,C96123,CL31A476MPHNNNE,1206,basic,Equivalent,New catalog match,315260,
C21,100uF,Capacitor_SMD:C_1206_3216Metric,CL31A107MQHNNNE,C15008,C15008,CL31A107MQHNNNE,1206,basic,Exact MPN,New catalog match,1989403,
C22,100uF,Capacitor_SMD:C_1206_3216Metric,CL31A107MQHNNNE,C15008,C15008,CL31A107MQHNNNE,1206,basic,Exact MPN,New catalog match,1989403,
C23,100uF,Capacitor_SMD:C_1206_3216Metric,CL31A107MQHNNNE,C15008,C15008,CL31A107MQHNNNE,1206,basic,Exact MPN,New catalog match,1989403,
C24,100uF,Capacitor_SMD:C_1206_3216Metric,CL31A107MQHNNNE,C15008,C15008,CL31A107MQHNNNE,1206,basic,Exact MPN,New catalog match,1989403,
C25,1uF,Capacitor_SMD:C_0402_1005Metric,EMK105BJ105MV-F,C52923,C52923,CL05A105KA5NQNC,0402,basic,Equivalent,Bonanza existing,5980560,
C26,1uF,Capacitor_SMD:C_0402_1005Metric,EMK105BJ105MV-F,C52923,C52923,CL05A105KA5NQNC,0402,basic,Equivalent,Bonanza existing,5980560,
C27,1uF,Capacitor_SMD:C_0402_1005Metric,EMK105BJ105MV-F,C52923,C52923,CL05A105KA5NQNC,0402,basic,Equivalent,Bonanza existing,5980560,
C28,1uF,Capacitor_SMD:C_0402_1005Metric,EMK105BJ105MV-F,C52923,C52923,CL05A105KA5NQNC,0402,basic,Equivalent,Bonanza existing,5980560,
C32,0.1uF,Capacitor_SMD:C_0402_1005Metric,KGM05AR71C104KH,C307331,C307331,CL05B104KB54PNC,0402,basic,Equivalent,Bonanza existing,13110609,
C33,30pF,Capacitor_SMD:C_0402_1005Metric,GRM1555C1H300JA01D,C1570,C1570,0402CG300J500NT,0402,preferred,Equivalent,Bonanza existing,197761,
C34,1uF,Capacitor_SMD:C_0402_1005Metric,EMK105BJ105MV-F,C52923,C52923,CL05A105KA5NQNC,0402,basic,Equivalent,Bonanza existing,5980560,
C35,30pF,Capacitor_SMD:C_0402_1005Metric,GRM1555C1H300JA01D,C1570,C1570,0402CG300J500NT,0402,preferred,Equivalent,Bonanza existing,197761,
C36,0.1uF,Capacitor_SMD:C_0402_1005Metric,KGM05AR71C104KH,C307331,C307331,CL05B104KB54PNC,0402,basic,Equivalent,Bonanza existing,13110609,
C37,0.1uF,Capacitor_SMD:C_0402_1005Metric,KGM05AR71C104KH,C307331,C307331,CL05B104KB54PNC,0402,basic,Equivalent,Bonanza existing,13110609,
C38,1uF,Capacitor_SMD:C_0402_1005Metric,EMK105BJ105MV-F,C52923,C52923,CL05A105KA5NQNC,0402,basic,Equivalent,Bonanza existing,5980560,
C39,1uF,Capacitor_SMD:C_0402_1005Metric,EMK105BJ105MV-F,C52923,C52923,CL05A105KA5NQNC,0402,basic,Equivalent,Bonanza existing,5980560,
C40,0.1uF,Capacitor_SMD:C_0402_1005Metric,KGM05AR71C104KH,C307331,C307331,CL05B104KB54PNC,0402,basic,Equivalent,Bonanza existing,13110609,
C41,0.1uF,Capacitor_SMD:C_0402_1005Metric,KGM05AR71C104KH,C307331,C307331,CL05B104KB54PNC,0402,basic,Equivalent,Bonanza existing,13110609,
C42,0.1uF,Capacitor_SMD:C_0402_1005Metric,KGM05AR71C104KH,C307331,C307331,CL05B104KB54PNC,0402,basic,Equivalent,Bonanza existing,13110609,
C43,0.1uF,Capacitor_SMD:C_0402_1005Metric,KGM05AR71C104KH,C307331,C307331,CL05B104KB54PNC,0402,basic,Equivalent,Bonanza existing,13110609,
C44,0.1uF,Capacitor_SMD:C_0402_1005Metric,KGM05AR71C104KH,C307331,C307331,CL05B104KB54PNC,0402,basic,Equivalent,Bonanza existing,13110609,
C45,0.1uF,Capacitor_SMD:C_0402_1005Metric,KGM05AR71C104KH,C307331,C307331,CL05B104KB54PNC,0402,basic,Equivalent,Bonanza existing,13110609,
C46,0.1uF,Capacitor_SMD:C_0402_1005Metric,KGM05AR71C104KH,C307331,C307331,CL05B104KB54PNC,0402,basic,Equivalent,Bonanza existing,13110609,
C47,10uF,Capacitor_SMD:C_0603_1608Metric,GRM188R61E106KA73D,C344022,C344022,GRM188R61E106KA73D,0603,extended,Exact MPN,New catalog match,301907,"Exact 10 uF 25 V X5R ±10%; proto Basic C96446 is ±20%, so not selected."
C48,12pF,Capacitor_SMD:C_0402_1005Metric,CC0402JRNPO9BN120,C1547,C1547,0402CG120J500NT,0402,basic,Equivalent,Proto reused,2012795,
C49,10uF,Capacitor_SMD:C_1210_3225Metric,CL32B106KBJNNNE,C138687,C138687,CL32B106KBJNNNE,1210,extended,Exact MPN,Bonanza existing,33868,
C50,10uF,Capacitor_SMD:C_1210_3225Metric,CL32B106KBJNNNE,C138687,C138687,CL32B106KBJNNNE,1210,extended,Exact MPN,Bonanza existing,33868,
C51,0.1uF,Capacitor_SMD:C_0402_1005Metric,CL05B104KB54PNC,C307331,C307331,CL05B104KB54PNC,0402,basic,Exact MPN,Bonanza existing,13110609,
C52,0.1uF,Capacitor_SMD:C_0402_1005Metric,CL05B104KB54PNC,C307331,C307331,CL05B104KB54PNC,0402,basic,Exact MPN,Bonanza existing,13110609,
C53,33nF,Capacitor_SMD:C_0603_1608Metric,CL10B333KB8NNNC,C21117,C21117,CL10B333KB8NNNC,0603,basic,Exact MPN,Bonanza existing,1064074,
C54,33nF,Capacitor_SMD:C_0603_1608Metric,CL10B333KB8NNNC,C21117,C21117,CL10B333KB8NNNC,0603,basic,Exact MPN,Bonanza existing,1064074,
C55,0.1uF,Capacitor_SMD:C_0402_1005Metric,CL05B104KB54PNC,C307331,C307331,CL05B104KB54PNC,0402,basic,Exact MPN,Bonanza existing,13110609,
C56,0.1uF,Capacitor_SMD:C_0402_1005Metric,CL05B104KB54PNC,C307331,C307331,CL05B104KB54PNC,0402,basic,Exact MPN,Bonanza existing,13110609,
C57,0.1uF,Capacitor_SMD:C_0402_1005Metric,KGM05AR71C104KH,C307331,C307331,CL05B104KB54PNC,0402,basic,Equivalent,Bonanza existing,13110609,
C58,0.1uF,Capacitor_SMD:C_0402_1005Metric,KGM05AR71C104KH,C307331,C307331,CL05B104KB54PNC,0402,basic,Equivalent,Bonanza existing,13110609,
C59,0.1uF,Capacitor_SMD:C_0402_1005Metric,KGM05AR71C104KH,C307331,C307331,CL05B104KB54PNC,0402,basic,Equivalent,Bonanza existing,13110609,
C60,120pF,Capacitor_SMD:C_0402_1005Metric,GCM1555C1H121FA16D,C126496,C126496,GCM1555C1H121FA16D,0402,extended,Exact MPN,New catalog match,20947,Retains the original 120 pF C0G ±1% tolerance.
C61,120pF,Capacitor_SMD:C_0402_1005Metric,GCM1555C1H121FA16D,C126496,C126496,GCM1555C1H121FA16D,0402,extended,Exact MPN,New catalog match,20947,Retains the original 120 pF C0G ±1% tolerance.
C62,120pF,Capacitor_SMD:C_0402_1005Metric,GCM1555C1H121FA16D,C126496,C126496,GCM1555C1H121FA16D,0402,extended,Exact MPN,New catalog match,20947,Retains the original 120 pF C0G ±1% tolerance.
C63,120pF,Capacitor_SMD:C_0402_1005Metric,GCM1555C1H121FA16D,C126496,C126496,GCM1555C1H121FA16D,0402,extended,Exact MPN,New catalog match,20947,Retains the original 120 pF C0G ±1% tolerance.
C64,120pF,Capacitor_SMD:C_0402_1005Metric,GCM1555C1H121FA16D,C126496,C126496,GCM1555C1H121FA16D,0402,extended,Exact MPN,New catalog match,20947,Retains the original 120 pF C0G ±1% tolerance.
C65,22uF,Capacitor_SMD:C_0805_2012Metric,CL21A226MAQNNNE,C45783,C45783,CL21A226MAQNNNE,0805,basic,Exact MPN,Bonanza existing,4060803,
C66,22uF,Capacitor_SMD:C_0805_2012Metric,CL21A226MAQNNNE,C45783,C45783,CL21A226MAQNNNE,0805,basic,Exact MPN,Bonanza existing,4060803,
C67,0.1uF,Capacitor_SMD:C_0402_1005Metric,CL05B104KB54PNC,C307331,C307331,CL05B104KB54PNC,0402,basic,Exact MPN,Bonanza existing,13110609,
C68,1uF,Capacitor_SMD:C_0402_1005Metric,EMK105BJ105MV-F,C52923,C52923,CL05A105KA5NQNC,0402,basic,Equivalent,Bonanza existing,5980560,
C69,0.1uF,Capacitor_SMD:C_0402_1005Metric,CL05B104KB54PNC,C307331,C307331,CL05B104KB54PNC,0402,basic,Exact MPN,Bonanza existing,13110609,
C70,0.1uF,Capacitor_SMD:C_0402_1005Metric,CL05B104KB54PNC,C307331,C307331,CL05B104KB54PNC,0402,basic,Exact MPN,Bonanza existing,13110609,
C72,1uF,Capacitor_SMD:C_0402_1005Metric,EMK105BJ105MV-F,C52923,C52923,CL05A105KA5NQNC,0402,basic,Equivalent,Bonanza existing,5980560,
C76,10uF,Capacitor_SMD:C_0603_1608Metric,GRM188R61E106KA73D,C344022,C344022,GRM188R61E106KA73D,0603,extended,Exact MPN,New catalog match,301907,"Exact 10 uF 25 V X5R ±10%; proto Basic C96446 is ±20%, so not selected."
C77,0.1uF,Capacitor_SMD:C_0402_1005Metric,KGM05AR71C104KH,C307331,C307331,CL05B104KB54PNC,0402,basic,Equivalent,Bonanza existing,13110609,
C83,100uF,Capacitor_SMD:C_0805_2012Metric,GRM21BR60G107ME11K,C7282454,C7282454,GRM21BR60G107ME11K,0805,extended,Exact MPN,New catalog match,1391,Exact 100 uF 4 V 0805; do not substitute a 1206 or smaller capacitance.
C84,100uF,Capacitor_SMD:C_0805_2012Metric,GRM21BR60G107ME11K,C7282454,C7282454,GRM21BR60G107ME11K,0805,extended,Exact MPN,New catalog match,1391,Exact 100 uF 4 V 0805; do not substitute a 1206 or smaller capacitance.
C85,100uF,Capacitor_SMD:C_0805_2012Metric,GRM21BR60G107ME11K,C7282454,C7282454,GRM21BR60G107ME11K,0805,extended,Exact MPN,New catalog match,1391,Exact 100 uF 4 V 0805; do not substitute a 1206 or smaller capacitance.
C91,100uF,Capacitor_SMD:C_0805_2012Metric,GRM21BR60G107ME11K,C7282454,C7282454,GRM21BR60G107ME11K,0805,extended,Exact MPN,New catalog match,1391,Exact 100 uF 4 V 0805; do not substitute a 1206 or smaller capacitance.
C92,100uF,Capacitor_SMD:C_0805_2012Metric,GRM21BR60G107ME11K,C7282454,C7282454,GRM21BR60G107ME11K,0805,extended,Exact MPN,New catalog match,1391,Exact 100 uF 4 V 0805; do not substitute a 1206 or smaller capacitance.
C93,100uF,Capacitor_SMD:C_0805_2012Metric,GRM21BR60G107ME11K,C7282454,C7282454,GRM21BR60G107ME11K,0805,extended,Exact MPN,New catalog match,1391,Exact 100 uF 4 V 0805; do not substitute a 1206 or smaller capacitance.
C99,100uF,Capacitor_SMD:C_0805_2012Metric,GRM21BR60G107ME11K,C7282454,C7282454,GRM21BR60G107ME11K,0805,extended,Exact MPN,New catalog match,1391,Exact 100 uF 4 V 0805; do not substitute a 1206 or smaller capacitance.
C100,100uF,Capacitor_SMD:C_0805_2012Metric,GRM21BR60G107ME11K,C7282454,C7282454,GRM21BR60G107ME11K,0805,extended,Exact MPN,New catalog match,1391,Exact 100 uF 4 V 0805; do not substitute a 1206 or smaller capacitance.
C101,100uF,Capacitor_SMD:C_0805_2012Metric,GRM21BR60G107ME11K,C7282454,C7282454,GRM21BR60G107ME11K,0805,extended,Exact MPN,New catalog match,1391,Exact 100 uF 4 V 0805; do not substitute a 1206 or smaller capacitance.
C107,100uF,Capacitor_SMD:C_0805_2012Metric,GRM21BR60G107ME11K,C7282454,C7282454,GRM21BR60G107ME11K,0805,extended,Exact MPN,New catalog match,1391,Exact 100 uF 4 V 0805; do not substitute a 1206 or smaller capacitance.
C108,100uF,Capacitor_SMD:C_0805_2012Metric,GRM21BR60G107ME11K,C7282454,C7282454,GRM21BR60G107ME11K,0805,extended,Exact MPN,New catalog match,1391,Exact 100 uF 4 V 0805; do not substitute a 1206 or smaller capacitance.
C109,100uF,Capacitor_SMD:C_0805_2012Metric,GRM21BR60G107ME11K,C7282454,C7282454,GRM21BR60G107ME11K,0805,extended,Exact MPN,New catalog match,1391,Exact 100 uF 4 V 0805; do not substitute a 1206 or smaller capacitance.
C115,100uF,Capacitor_SMD:C_0805_2012Metric,GRM21BR60G107ME11K,C7282454,C7282454,GRM21BR60G107ME11K,0805,extended,Exact MPN,New catalog match,1391,Exact 100 uF 4 V 0805; do not substitute a 1206 or smaller capacitance.
C116,100uF,Capacitor_SMD:C_0805_2012Metric,GRM21BR60G107ME11K,C7282454,C7282454,GRM21BR60G107ME11K,0805,extended,Exact MPN,New catalog match,1391,Exact 100 uF 4 V 0805; do not substitute a 1206 or smaller capacitance.
C117,100uF,Capacitor_SMD:C_0805_2012Metric,GRM21BR60G107ME11K,C7282454,C7282454,GRM21BR60G107ME11K,0805,extended,Exact MPN,New catalog match,1391,Exact 100 uF 4 V 0805; do not substitute a 1206 or smaller capacitance.
C123,100uF,Capacitor_SMD:C_0805_2012Metric,GRM21BR60G107ME11K,C7282454,C7282454,GRM21BR60G107ME11K,0805,extended,Exact MPN,New catalog match,1391,Exact 100 uF 4 V 0805; do not substitute a 1206 or smaller capacitance.
C124,100uF,Capacitor_SMD:C_0805_2012Metric,GRM21BR60G107ME11K,C7282454,C7282454,GRM21BR60G107ME11K,0805,extended,Exact MPN,New catalog match,1391,Exact 100 uF 4 V 0805; do not substitute a 1206 or smaller capacitance.
C125,100uF,Capacitor_SMD:C_0805_2012Metric,GRM21BR60G107ME11K,C7282454,C7282454,GRM21BR60G107ME11K,0805,extended,Exact MPN,New catalog match,1391,Exact 100 uF 4 V 0805; do not substitute a 1206 or smaller capacitance.
C131,100uF,Capacitor_SMD:C_0805_2012Metric,GRM21BR60G107ME11K,C7282454,C7282454,GRM21BR60G107ME11K,0805,extended,Exact MPN,New catalog match,1391,Exact 100 uF 4 V 0805; do not substitute a 1206 or smaller capacitance.
C132,100uF,Capacitor_SMD:C_0805_2012Metric,GRM21BR60G107ME11K,C7282454,C7282454,GRM21BR60G107ME11K,0805,extended,Exact MPN,New catalog match,1391,Exact 100 uF 4 V 0805; do not substitute a 1206 or smaller capacitance.
C133,100uF,Capacitor_SMD:C_0805_2012Metric,GRM21BR60G107ME11K,C7282454,C7282454,GRM21BR60G107ME11K,0805,extended,Exact MPN,New catalog match,1391,Exact 100 uF 4 V 0805; do not substitute a 1206 or smaller capacitance.
C139,100uF,Capacitor_SMD:C_0805_2012Metric,GRM21BR60G107ME11K,C7282454,C7282454,GRM21BR60G107ME11K,0805,extended,Exact MPN,New catalog match,1391,Exact 100 uF 4 V 0805; do not substitute a 1206 or smaller capacitance.
C140,100uF,Capacitor_SMD:C_0805_2012Metric,GRM21BR60G107ME11K,C7282454,C7282454,GRM21BR60G107ME11K,0805,extended,Exact MPN,New catalog match,1391,Exact 100 uF 4 V 0805; do not substitute a 1206 or smaller capacitance.
C141,100uF,Capacitor_SMD:C_0805_2012Metric,GRM21BR60G107ME11K,C7282454,C7282454,GRM21BR60G107ME11K,0805,extended,Exact MPN,New catalog match,1391,Exact 100 uF 4 V 0805; do not substitute a 1206 or smaller capacitance.
C142,1000pF,Capacitor_SMD:C_0402_1005Metric,GRM155R71H102KA01D,C1523,C1523,0402B102K500NT,0402,basic,Equivalent,New catalog match,3558149,
C143,1000pF,Capacitor_SMD:C_0402_1005Metric,GRM155R71H102KA01D,C1523,C1523,0402B102K500NT,0402,basic,Equivalent,New catalog match,3558149,
C144,1000pF,Capacitor_SMD:C_0402_1005Metric,GRM155R71H102KA01D,C1523,C1523,0402B102K500NT,0402,basic,Equivalent,New catalog match,3558149,
D1,BAS516,bitaxe:D_SOD-523,BAS516,C7502722,C7502722,BAS516,SOD-523,preferred,Exact MPN,New catalog match,33674,Saved schematic Value/PARTNO BAS516 and manually added LCSC=C7502722 verified in exported BOM; same SOD-523 footprint.
D2,BAS516,bitaxe:D_SOD-523,BAS516,C7502722,C7502722,BAS516,SOD-523,preferred,Exact MPN,New catalog match,33674,Saved schematic Value/PARTNO BAS516 and manually added LCSC=C7502722 verified in exported BOM; same SOD-523 footprint.
D3,BAS516,bitaxe:D_SOD-523,BAS516,C7502722,C7502722,BAS516,SOD-523,preferred,Exact MPN,New catalog match,33674,Saved schematic Value/PARTNO BAS516 and manually added LCSC=C7502722 verified in exported BOM; same SOD-523 footprint.
D4,BAS516,bitaxe:D_SOD-523,BAS516,C7502722,C7502722,BAS516,SOD-523,preferred,Exact MPN,New catalog match,33674,Saved schematic Value/PARTNO BAS516 and manually added LCSC=C7502722 verified in exported BOM; same SOD-523 footprint.
D5,BAS516,bitaxe:D_SOD-523,BAS516,C7502722,C7502722,BAS516,SOD-523,preferred,Exact MPN,New catalog match,33674,Saved schematic Value/PARTNO BAS516 and manually added LCSC=C7502722 verified in exported BOM; same SOD-523 footprint.
D6,BAS516,bitaxe:D_SOD-523,BAS516,C7502722,C7502722,BAS516,SOD-523,preferred,Exact MPN,New catalog match,33674,Saved schematic Value/PARTNO BAS516 and manually added LCSC=C7502722 verified in exported BOM; same SOD-523 footprint.
D7,BAS516,bitaxe:D_SOD-523,BAS516,C7502722,C7502722,BAS516,SOD-523,preferred,Exact MPN,New catalog match,33674,Saved schematic Value/PARTNO BAS516 and manually added LCSC=C7502722 verified in exported BOM; same SOD-523 footprint.
D8,BAS516,bitaxe:D_SOD-523,BAS516,C7502722,C7502722,BAS516,SOD-523,preferred,Exact MPN,New catalog match,33674,Saved schematic Value/PARTNO BAS516 and manually added LCSC=C7502722 verified in exported BOM; same SOD-523 footprint.
D9,BAS516,bitaxe:D_SOD-523,BAS516,C7502722,C7502722,BAS516,SOD-523,preferred,Exact MPN,New catalog match,33674,Saved schematic Value/PARTNO BAS516 and manually added LCSC=C7502722 verified in exported BOM; same SOD-523 footprint.
D10,BAS516,bitaxe:D_SOD-523,BAS516,C7502722,C7502722,BAS516,SOD-523,preferred,Exact MPN,New catalog match,33674,Saved schematic Value/PARTNO BAS516 and manually added LCSC=C7502722 verified in exported BOM; same SOD-523 footprint.
D11,BAS516,bitaxe:D_SOD-523,BAS516,C7502722,C7502722,BAS516,SOD-523,preferred,Exact MPN,New catalog match,33674,Saved schematic Value/PARTNO BAS516 and manually added LCSC=C7502722 verified in exported BOM; same SOD-523 footprint.
D12,BAS516,bitaxe:D_SOD-523,BAS516,C7502722,C7502722,BAS516,SOD-523,preferred,Exact MPN,New catalog match,33674,Saved schematic Value/PARTNO BAS516 and manually added LCSC=C7502722 verified in exported BOM; same SOD-523 footprint.
D13,3.3V Zener,Diode_SMD:D_SOD-123,DDZ9684-7,C24672,C24672,MMSZ4684T1G,SOD-123,extended,Equivalent,Proto reused,11919,Proto 3.3 V SOD-123 alternative; original DDZ9684-7 exact code C165455 has only 3 available.
FB1,FerriteBead,Inductor_SMD:L_1206_3216Metric,BLM31KN271SN1L,C703115,C703115,BLM31KN271SN1L,1206,extended,Exact MPN,Bonanza existing,176,
FB2,FerriteBead,Inductor_SMD:L_1206_3216Metric,BLM31KN271SN1L,C703115,C703115,BLM31KN271SN1L,1206,extended,Exact MPN,Bonanza existing,176,
J1,XT30,bitaxe:XT30PW-M,XT30PW-M,C431092,C431092,XT30PW-M30.G.Y,-,extended,Specified variant,Bonanza existing,31541,Specific XT30PW-M30.G.Y variant inherited from proto; verify tail length against custom footprint.
J6,USB_C_Receptacle_USB2.0,bitaxe:USB_C_Receptacle_GCT_USB4105-xx-A,USB4105-GF-A,C3020560,C3020560,USB4105-GF-A,SMD,extended,Exact MPN,New catalog match,1031,
L1,1.2uH,bitaxe:XAL1060122MEC,XAL1060-122MEC,C3911742,C3911742,XAL1060-122MEC,"SMD,11.3x10mm",extended,Exact MPN,New catalog match,0,Selected exact part out of stock on 2026-09-29. Stocked Bourns 1.2uH C3224581 is the best verified candidate; requires new footprint and layout review. See report.
L2,1.5uH,bitaxe:IND-SMD_L2.0-W1.6,FTC201612S1R5MBCA,C5832350,C5832350,FTC201612S1R5MBCA,0806,extended,Exact MPN,Bonanza existing,1225,
L3,1.5uH,bitaxe:IND-SMD_L2.0-W1.6,FTC201612S1R5MBCA,C5832350,C5832350,FTC201612S1R5MBCA,0806,extended,Exact MPN,Bonanza existing,1225,
Q1,BSS138,Package_TO_SOT_SMD:SOT-23,BSS138K-13,C7420339,C7420339,BSS138,SOT-23,preferred,Equivalent,Proto reused,,Requested Proto generic BSS138; replaces original protected-gate BSS138K-13 selection. Schematic PARTNO still identifies the original design part.
R1,1k,Resistor_SMD:R_0402_1005Metric,RC0402FR-071KL,C11702,C11702,0402WGF1001TCE,0402,basic,Equivalent,Proto reused,8054795,
R2,10k,Resistor_SMD:R_0402_1005Metric,RC0402JR-0710KL,C25744,C25744,0402WGF1002TCE,0402,basic,Equivalent,Proto reused,22270829,
R3,10k,Resistor_SMD:R_0402_1005Metric,RC0402JR-0710KL,C25744,C25744,0402WGF1002TCE,0402,basic,Equivalent,Proto reused,22270829,
R4,1k,Resistor_SMD:R_0402_1005Metric,RC0402FR-071KL,C11702,C11702,0402WGF1001TCE,0402,basic,Equivalent,Proto reused,8054795,
R5,10,Resistor_SMD:R_0402_1005Metric,RC0402FR-0710RL,C25077,C25077,0402WGF100JTCE,0402,basic,Equivalent,Proto reused,1816401,
R6,1,Resistor_SMD:R_0805_2012Metric,ESR10EZPJ1R0,C253344,C253344,ESR10EZPJ1R0,0805,extended,Exact MPN,Proto reused,3692,
R7,49.9,Resistor_SMD:R_0402_1005Metric,RC0402FR-0749R9L,C25120,C25120,0402WGF499JTCE,0402,basic,Equivalent,Proto reused,1433950,
R8,49.9,Resistor_SMD:R_0402_1005Metric,RC0402FR-0749R9L,C25120,C25120,0402WGF499JTCE,0402,basic,Equivalent,Proto reused,1433950,
R9,10k,Resistor_SMD:R_0402_1005Metric,RC0402JR-0710KL,C25744,C25744,0402WGF1002TCE,0402,basic,Equivalent,Proto reused,22270829,
R14,10k,Resistor_SMD:R_0402_1005Metric,RC0402FR-0710KL,C25744,C25744,0402WGF1002TCE,0402,basic,Equivalent,Bonanza existing,22270829,
R15,15k,Resistor_SMD:R_0402_1005Metric,0402WGF1502TCE,C25756,C25756,0402WGF1502TCE,0402,basic,Exact MPN,Bonanza existing,1180843,
R16,49.9k,Resistor_SMD:R_0402_1005Metric,RC0402FR-0749K9L,C25897,C25897,0402WGF4992TCE,0402,preferred,Equivalent,New catalog match,39286,
R17,1k,Resistor_SMD:R_0402_1005Metric,RC0402FR-071KL,C11702,C11702,0402WGF1001TCE,0402,basic,Equivalent,Proto reused,8054795,
R18,4.7k,Resistor_SMD:R_0402_1005Metric,RC0402FR-074K7L,C25900,C25900,0402WGF4701TCE,0402,basic,Equivalent,Proto reused,15689945,
R19,4.7k,Resistor_SMD:R_0402_1005Metric,RC0402FR-074K7L,C25900,C25900,0402WGF4701TCE,0402,basic,Equivalent,Proto reused,15689945,
R20,4.7k,Resistor_SMD:R_0402_1005Metric,RC0402FR-074K7L,C25900,C25900,0402WGF4701TCE,0402,basic,Equivalent,Proto reused,15689945,
R21,4.7k,Resistor_SMD:R_0402_1005Metric,RC0402FR-074K7L,C25900,C25900,0402WGF4701TCE,0402,basic,Equivalent,Proto reused,15689945,
R22,10k,Resistor_SMD:R_0402_1005Metric,RC0402JR-0710KL,C25744,C25744,0402WGF1002TCE,0402,basic,Equivalent,Proto reused,22270829,
R23,5.1k,Resistor_SMD:R_0402_1005Metric,RMCF0402JT5K10,C25905,C25905,0402WGF5101TCE,0402,basic,Equivalent,Bonanza existing,6254649,
R24,5.1k,Resistor_SMD:R_0402_1005Metric,RMCF0402JT5K10,C25905,C25905,0402WGF5101TCE,0402,basic,Equivalent,Bonanza existing,6254649,
R25,10k,Resistor_SMD:R_0402_1005Metric,0402WGF1002TCE,C25744,C25744,0402WGF1002TCE,0402,basic,Exact MPN,Bonanza existing,22270829,
R26,20k,Resistor_SMD:R_0402_1005Metric,RC0402FR-0720KL,C25765,C25765,0402WGF2002TCE,0402,basic,Equivalent,New catalog match,3196949,
R27,47k,Resistor_SMD:R_0402_1005Metric,0402WGF4702TCE,C25792,C25792,0402WGF4702TCE,0402,basic,Exact MPN,Bonanza existing,5617960,
R28,15k,Resistor_SMD:R_0402_1005Metric,0402WGF1502TCE,C25756,C25756,0402WGF1502TCE,0402,basic,Exact MPN,Bonanza existing,1180843,
R29,27k,Resistor_SMD:R_0402_1005Metric,0402WGF2702TCE,C25771,C25771,0402WGF2702TCE,0402,preferred,Exact MPN,Bonanza existing,316873,
R30,5.1k,Resistor_SMD:R_0402_1005Metric,0402WGF5101TCE,C25905,C25905,0402WGF5101TCE,0402,basic,Exact MPN,Bonanza existing,6254649,
R31,5.1k,Resistor_SMD:R_0402_1005Metric,0402WGF5101TCE,C25905,C25905,0402WGF5101TCE,0402,basic,Exact MPN,Bonanza existing,6254649,
R32,5.1k,Resistor_SMD:R_0402_1005Metric,0402WGF5101TCE,C25905,C25905,0402WGF5101TCE,0402,basic,Exact MPN,Bonanza existing,6254649,
R33,5.6k,Resistor_SMD:R_0402_1005Metric,RC0402FR-075K6L,C25908,C25908,0402WGF5601TCE,0402,preferred,Equivalent,Proto reused,197495,
R34,10k,Resistor_SMD:R_0402_1005Metric,RC0402JR-0710KL,C25744,C25744,0402WGF1002TCE,0402,basic,Equivalent,Proto reused,22270829,
R35,1k,Resistor_SMD:R_0402_1005Metric,RC0402FR-071KL,C11702,C11702,0402WGF1001TCE,0402,basic,Equivalent,Proto reused,8054795,
R36,1k,Resistor_SMD:R_0402_1005Metric,RC0402FR-071KL,C11702,C11702,0402WGF1001TCE,0402,basic,Equivalent,Proto reused,8054795,
R37,1k,Resistor_SMD:R_0402_1005Metric,RC0402FR-071KL,C11702,C11702,0402WGF1001TCE,0402,basic,Equivalent,Proto reused,8054795,
R38,1k,Resistor_SMD:R_0402_1005Metric,RC0402FR-071KL,C11702,C11702,0402WGF1001TCE,0402,basic,Equivalent,Proto reused,8054795,
R39,1k,Resistor_SMD:R_0402_1005Metric,RC0402FR-071KL,C11702,C11702,0402WGF1001TCE,0402,basic,Equivalent,Proto reused,8054795,
R40,1k,Resistor_SMD:R_0402_1005Metric,RC0402FR-071KL,C11702,C11702,0402WGF1001TCE,0402,basic,Equivalent,Proto reused,8054795,
R41,1k,Resistor_SMD:R_0402_1005Metric,RC0402FR-071KL,C11702,C11702,0402WGF1001TCE,0402,basic,Equivalent,Proto reused,8054795,
R42,1k,Resistor_SMD:R_0402_1005Metric,RC0402FR-071KL,C11702,C11702,0402WGF1001TCE,0402,basic,Equivalent,Proto reused,8054795,
R43,1k,Resistor_SMD:R_0402_1005Metric,RC0402FR-071KL,C11702,C11702,0402WGF1001TCE,0402,basic,Equivalent,Proto reused,8054795,
R44,1k,Resistor_SMD:R_0402_1005Metric,RC0402FR-071KL,C11702,C11702,0402WGF1001TCE,0402,basic,Equivalent,Proto reused,8054795,
R45,1k,Resistor_SMD:R_0402_1005Metric,RC0402FR-071KL,C11702,C11702,0402WGF1001TCE,0402,basic,Equivalent,Proto reused,8054795,
R46,1k,Resistor_SMD:R_0402_1005Metric,RC0402FR-071KL,C11702,C11702,0402WGF1001TCE,0402,basic,Equivalent,Proto reused,8054795,
R47,1k,Resistor_SMD:R_0402_1005Metric,RC0402FR-071KL,C11702,C11702,0402WGF1001TCE,0402,basic,Equivalent,Proto reused,8054795,
R48,1k,Resistor_SMD:R_0402_1005Metric,RC0402FR-071KL,C11702,C11702,0402WGF1001TCE,0402,basic,Equivalent,Proto reused,8054795,
R49,1k,Resistor_SMD:R_0402_1005Metric,RC0402FR-071KL,C11702,C11702,0402WGF1001TCE,0402,basic,Equivalent,Proto reused,8054795,
R50,1k,Resistor_SMD:R_0402_1005Metric,RC0402FR-071KL,C11702,C11702,0402WGF1001TCE,0402,basic,Equivalent,Proto reused,8054795,
R51,1k,Resistor_SMD:R_0402_1005Metric,RC0402FR-071KL,C11702,C11702,0402WGF1001TCE,0402,basic,Equivalent,Proto reused,8054795,
R52,1k,Resistor_SMD:R_0402_1005Metric,RC0402FR-071KL,C11702,C11702,0402WGF1001TCE,0402,basic,Equivalent,Proto reused,8054795,
R53,5.1k,Resistor_SMD:R_0402_1005Metric,0402WGF5101TCE,C25905,C25905,0402WGF5101TCE,0402,basic,Exact MPN,Bonanza existing,6254649,
SW3,SWITCH-SPST,bitaxe:SW-SMD_TC-S3601-3.5-260G-F0.6,TC-S3601-3.5-260G-F0.6,C49101620,C49101620,TC-S3601-3.5-260G-F0.6,SMD,extended,Exact MPN,Bonanza existing,128146,
SW4,SWITCH-SPST,bitaxe:SW-SMD_TC-S3601-3.5-260G-F0.6,TC-S3601-3.5-260G-F0.6,C49101620,C49101620,TC-S3601-3.5-260G-F0.6,SMD,extended,Exact MPN,Bonanza existing,128146,
U1,MCP1824T-1202E/OT,bitaxe:SOT-23-5,MCP1824T-1202E/OT,C625461,C625461,MCP1824T-1202E/OT,SOT-23-5,extended,Exact MPN,New catalog match,1947,
U2,TPS546D24SRVFR,bitaxe:LQFN40-CLIP,TPS546D24SRVFR,C20345977,C20345977,TPS546D24SRVFR,LQFN-40-CLIP(5x7),extended,Exact MPN,Proto reused,791,
U3,MCP1824T-1202E/OT,bitaxe:SOT-23-5,MCP1824T-1202E/OT,C625461,C625461,MCP1824T-1202E/OT,SOT-23-5,extended,Exact MPN,New catalog match,1947,
U4,MCP1824T-1202E/OT,bitaxe:SOT-23-5,MCP1824T-1202E/OT,C625461,C625461,MCP1824T-1202E/OT,SOT-23-5,extended,Exact MPN,New catalog match,1947,
U5,W25Q16JVUXIQ TR,bitaxe:USON-8_UX_2x3x0p6_WIN,W25Q16JVUXIQ TR,C2843335,C2843335,W25Q16JVUXIQ,USON-8-EP(2x3),extended,Exact MPN,Bonanza existing,4180,
U6,MCP1824T-1202E/OT,bitaxe:SOT-23-5,MCP1824T-1202E/OT,C625461,C625461,MCP1824T-1202E/OT,SOT-23-5,extended,Exact MPN,New catalog match,1947,
U8,SN74AXC4T774,bitaxe:BQB0016A-MFG,SN74AXC4T774BQBR,C2862903,C2862903,SN74AXC4T774BQBR,WQFN-16(2.5x3.5),extended,Exact MPN,New catalog match,1895,
U9,TPS22919DCKR,bitaxe:DCK0006A_N,TPS22919DCKR,C2149796,C2149796,TPS22919DCKR,SC-70-6,extended,Exact MPN,Proto reused,67578,
U11,RP2040,bitaxe:RP2040-QFN-56-1EP_7x7mm_P0.4mm_EP3.2x3.2mm,SC0914(13),C2040,C2040,RP2040,LQFN-56(7x7),extended,Same device,Bonanza existing,70770,
U12,ESP32-S3-WROOM-1,bitaxe:ESP32-S3-WROOM-1,ESP32-S3-WROOM-1-N16R8,C2913202,C2913202,ESP32-S3-WROOM-1-N16R8,"SMD,25.5x18mm",extended,Exact MPN,Proto reused,31515,
U13,TPS62933DRLR,bitaxe:SOT-583-8_L2.1-W1.2-P0.50-LS1.6-BR,TPS62933DRLR,C3200405,C3200405,TPS62933DRLR,SOT-583,extended,Exact MPN,Bonanza existing,36934,
U14,TPS62933DRLR,bitaxe:SOT-583-8_L2.1-W1.2-P0.50-LS1.6-BR,TPS62933DRLR,C3200405,C3200405,TPS62933DRLR,SOT-583,extended,Exact MPN,Bonanza existing,36934,
Y1,12MHz,bitaxe:XTAL_ECS-120-20-33-CKM-TR3,ECS-120-20-33-CKM-TR3,C9002,C9002,X322512MSB4SI,SMD3225-4P,basic,Equivalent,Proto reused,,Requested Proto Basic 12 MHz 20 pF crystal; ±20 ppm stability versus the original ±10 ppm. Schematic PARTNO still identifies the original design part.
Y2,50MHz,bitaxe:OSC_ECS-3225MV-500-CN-TR,SX3M50.000E20F30THN,C5137267,C5137267,SX3M50.000E20F30THN,SMD3225-4P,extended,Exact MPN,Bonanza existing,10,Only 10 available; check before a multiple-board order.
